{"data":{"groups":[{"count":2112,"materialIndex":0,"start":0}],"attributes":{"position":{"itemSize":3,"array":[0.1318,0.4475,0.974185,4.68747e-08,0.453901,0.990085,6.82845e-08,0.271101,1.05218,0.128,0.257801,1.03878,0.2621,0.287501,0.963584,0.371899,0.284801,0.828785,0.386899,0.363801,0.773885,0.2708,0.431201,0.899585,0.536999,0.0954013,0.490585,0.498899,0.293701,0.568785,0.449899,0.203901,0.698385,0.485599,-0.0579984,0.652985,0.522599,-0.102398,0.511085,0.1456,0.6216,0.840685,0.424099,0.462001,0.662385,0.280799,0.5781,0.772885,0.2713,-0.720397,0.805185,0.1828,-0.799097,0.834385,0.1894,-0.841497,0.759085,0.2979,-0.613097,0.800085,0.2459,-0.685597,0.860285,0.1522,0.7536,0.646685,-9.13696e-09,0.7694,0.664885,0.0653,-0.681197,0.960795,1.44753e-07,-0.681397,0.975696,1.52787e-07,-0.766497,0.981184,1.54833e-07,-0.850997,0.920085,0.0903,-0.836797,0.904385,0.0828,-0.762697,0.960285,0.1661,-0.730397,0.909885,0.1357,-0.668497,0.929707,0.2182,-0.650197,0.883597,0.2853,-0.474298,0.841471,0.354499,-0.562997,0.744285,0.325099,-0.421798,0.807908,0.405599,-0.481798,0.679685,0.455099,-0.367398,0.608485,0.416999,-0.263598,0.701122,0.367299,-0.347498,0.758682,0.496499,-0.242298,0.561285,0.316099,-0.739597,0.724585,0.396899,-0.618597,0.602385,0.468999,-0.484798,0.506985,0.530699,-0.323798,0.351086,2.00534e-08,0.6366,0.865985,0.295699,0.6928,0.593185,0.543599,0.361301,0.403986,0.446699,0.5641,0.501085,0.1496,0.8213,0.422686,-3.47868e-08,0.8387,0.440786,0.292499,0.7572,0.386386,0.2395,-0.563197,0.872898,0.1942,-0.603597,0.901881,0.553499,0.370801,0.341686,0.447199,0.6156,0.361486,0.268099,0.6519,-0.105613,0.245999,0.454101,-0.275613,0.1224,0.5072,-0.296013,0.0864,-0.882997,0.793085,1.48197e-07,-0.898297,0.796885,0.0764,-0.979397,0.677685,0.1783,-0.923797,0.651385,0.2646,-0.855997,0.598385,0.0782,-1.1057,0.565685,1.4839e-07,-1.1082,0.589185,1.54273e-07,-1.2812,0.483486,0.0961,-1.2646,0.475386,0.1938,-1.2362,0.430486,0.176,-1.0617,0.544085,0.2712,-1.2003,0.370486,0.333999,-0.925397,0.418386,0.348299,-0.758497,0.528585,0.408299,-0.835497,0.338886,0.439699,-0.622997,0.416486,0.438399,-0.753297,0.239886,0.479599,-0.519697,0.307086,0.423299,-1.0588,0.136386,0.341999,-1.1619,0.305686,0.400899,-1.1178,0.228886,0.2526,-0.998697,0.479785,1.4672e-07,-0.991696,0.686585,0.566599,0.225601,0.337886,0.410399,0.517401,-0.100413,0.378099,0.354301,-0.231213,0.502399,0.315301,-0.0911134,0.465699,0.244701,-0.175413,0.552799,0.381701,0.133386,0.575399,0.235901,0.144986,0.440599,0.6266,0.138086,0.283799,0.765,0.140186,0.1298,0.8323,0.163586,-5.90553e-08,0.8471,0.171586,0.1262,0.7244,-0.0974133,-7.34363e-08,0.7418,-0.0982133,0.534099,0.127201,-0.0849134,0.572299,0.121701,0.311486,0.589399,0.123201,0.150786,0.552299,-0.163098,0.364386,0.458599,-0.160898,0.670785,0.558499,0.0331014,0.360386,0.592299,-0.302198,0.203386,0.654899,-0.140698,0.107486,0.673699,-0.144698,0.130286,0.594499,-0.134998,0.101586,0.589399,0.0355014,0.0738863,0.556499,-0.131998,0.0689863,0.490999,-0.123798,-0.0727134,0.513399,-0.294298,0.128986,0.604399,0.123301,0.298486,0.577499,0.0155015,0.316586,0.639999,0.123901,0.299286,0.639399,0.146701,0.192186,0.573299,-0.183198,0.295686,0.569999,-0.304198,0.331186,0.599999,-0.335998,0.288386,0.622899,-0.311298,0.225386,0.613799,-0.189898,0.230286,0.643899,-0.0395984,0.185786,0.648899,-0.120698,0.183186,0.585499,-0.178498,0.225486,0.558899,-0.168898,0.268586,0.584299,0.0186015,0.303186,0.587999,-0.0612984,0.163386,0.587399,-0.106198,0.175786,0.623199,0.0241015,0.0982863,0.679899,0.140301,0.188486,0.658299,0.0149015,0.0894863,0.693699,0.121501,0.182386,0.596999,0.0248015,0.241286,0.643699,0.116701,0.294986,0.575399,0.0010015,0.243086,0.575699,-0.0672983,0.245686,0.573299,-0.0556984,0.261986,0.679499,0.0101015,0.0958862,0.561499,-0.335098,0.274286,0.431299,-0.295898,-0.0320135,0.309699,-0.0489984,-0.297413,0.366099,0.122201,-0.289613,0.444799,0.0990013,-0.213413,0.2114,0.0457014,-0.369413,0.232299,0.179501,-0.363113,0.1142,0.211201,-0.396813,0.327799,-0.272498,-0.188313,0.382299,-0.102398,-0.219113,0.1845,-0.245898,-0.286713,0.118,0.0236014,-0.394213,0.390099,-0.447498,-0.0187135,0.264699,-0.489598,-0.152313,-5.46667e-08,0.217701,-0.407613,0.532699,-0.324198,0.268086,0.544299,-0.287198,0.193386,0.463199,-0.440498,0.186486,0.412099,-0.694297,0.112286,0.388699,-0.984096,0.0228864,-5.48271e-09,-0.250198,-0.312913,-7.24309e-08,0.5256,-0.302913,0.332199,-0.915497,-0.0887133,0.341799,-0.644997,-0.0421134,0.2546,-0.660097,-0.153213,0.1279,-0.669197,-0.234513,0.1226,-0.496798,-0.234113,2.2003e-08,-0.507698,-0.256013,0.2624,-0.880997,-0.180113,0.1323,-0.859197,-0.257613,3.58245e-08,-0.673097,-0.263313,-0.1318,0.4475,0.974185,-0.128,0.257801,1.03878,-0.262099,0.287501,0.963584,-0.371899,0.284801,0.828785,-0.270799,0.431201,0.899585,-0.536999,0.0954012,0.490586,-0.480799,0.0467013,0.665285,-0.449899,0.203901,0.698385,-0.498899,0.293701,0.568785,-0.386899,0.363801,0.773885,-0.522599,-0.102398,0.511086,-0.485599,-0.0579985,0.652985,-0.1456,0.6216,0.840685,-0.280799,0.5781,0.772885,-0.189399,-0.841497,0.759085,-0.182799,-0.799097,0.834385,-0.271299,-0.720397,0.805185,-0.297899,-0.613097,0.800085,-0.245899,-0.685597,0.860285,-0.0652997,-0.681197,0.960795,-0.0827997,-0.762697,0.960285,-0.0902997,-0.836797,0.904385,-0.1661,-0.730397,0.909885,-0.1357,-0.668497,0.929707,-0.285299,-0.474298,0.841471,-0.239499,-0.563197,0.872898,-0.218199,-0.650197,0.883597,-0.354499,-0.562997,0.744285,-0.405599,-0.481798,0.679685,-0.325099,-0.421798,0.807908,-0.367299,-0.347498,0.758682,-0.416999,-0.263598,0.701122,-0.455099,-0.367398,0.608485,-0.458599,-0.160898,0.670785,-0.496499,-0.242298,0.561285,-0.316099,-0.739597,0.724585,-0.396899,-0.618597,0.602385,-0.468999,-0.484798,0.506986,-0.530699,-0.323798,0.351086,-0.1522,0.7536,0.646685,-0.424099,0.462001,0.662385,-0.446699,0.5641,0.501086,-0.295699,0.6928,0.593185,-0.1496,0.8213,0.422686,-0.292499,0.7572,0.386386,-0.447199,0.6156,0.361486,-0.194199,-0.603597,0.901881,-0.543599,0.361301,0.403986,-0.268099,0.6519,-0.105613,-0.1262,0.7244,-0.0974133,-0.1224,0.5072,-0.296013,-0.0863997,-0.882997,0.793085,-0.0763997,-0.979397,0.677685,-0.1783,-0.923797,0.651385,-0.264599,-0.855997,0.598385,-0.0781997,-1.1057,0.565685,-0.0960996,-1.2646,0.475386,-0.193799,-1.2362,0.430486,-0.271199,-1.2003,0.370486,-0.175999,-1.0617,0.544085,-0.333999,-0.925397,0.418386,-0.252599,-0.998697,0.479786,-0.408299,-0.835497,0.338886,-0.348299,-0.758497,0.528585,-0.439699,-0.622997,0.416486,-0.479599,-0.519698,0.307086,-0.438399,-0.753297,0.239886,-0.423299,-1.0588,0.136386,-0.400899,-1.1178,0.228886,-0.341999,-1.1619,0.305686,-0.566599,0.225601,0.337886,-0.553499,0.370801,0.341686,-0.410399,0.5174,-0.100413,-0.246,0.454101,-0.275613,-0.502399,0.315301,-0.0911133,-0.378099,0.354301,-0.231213,-0.534099,0.127201,-0.0849133,-0.575399,0.235901,0.144986,-0.552799,0.381701,0.133386,-0.440599,0.6266,0.138086,-0.283799,0.765,0.140186,-0.1298,0.8323,0.163586,-0.465699,0.244701,-0.175413,-0.589399,0.123201,0.150786,-0.572299,0.121701,0.311486,-0.552299,-0.163098,0.364386,-0.558499,0.0331013,0.360386,-0.592299,-0.302198,0.203386,-0.622899,-0.311298,0.225386,-0.673699,-0.144698,0.130286,-0.654899,-0.140698,0.107486,-0.594499,-0.134998,0.101586,-0.589399,0.0355013,0.0738864,-0.490999,-0.123798,-0.0727133,-0.513399,-0.294298,0.128986,-0.544299,-0.287198,0.193386,-0.639399,0.146701,0.192186,-0.604399,0.123301,0.298486,-0.577499,0.0155014,0.316586,-0.639999,0.123901,0.299286,-0.569999,-0.304198,0.331186,-0.573299,-0.183198,0.295686,-0.599999,-0.335998,0.288386,-0.643899,-0.0395985,0.185786,-0.679499,0.0101014,0.0958863,-0.558899,-0.168898,0.268586,-0.585499,-0.178498,0.225486,-0.584299,0.0186014,0.303186,-0.587999,-0.0612985,0.163386,-0.648899,-0.120698,0.183186,-0.623199,0.0241014,0.0982864,-0.679899,0.140301,0.188486,-0.596999,0.0248014,0.241286,-0.693699,0.121501,0.182386,-0.658299,0.0149014,0.0894864,-0.643699,0.116701,0.294986,-0.575399,0.0010014,0.243086,-0.587399,-0.106198,0.175786,-0.575699,-0.0672984,